[{
        "id": "",
        "title": "Boucher",
        "firstname": "ahmed",
        "lastname": "yassine",
        "facebook": "facebook",
        "twitter": "twitter",
        "linkedin": "linkdin",
        "membership":"Laureat"
    },
    {
        "id": "",
        "title": "Boulanger",
        "firstname": "mahmed",
        "lastname": "yassine",
        "facebook": "facebook",
        "twitter": "twitter",
        "linkedin": "linkdin",
        "membership":""

    },
    {
        "id": "",
        "title": "Cordonnier",
        "firstname": "ayman",
        "lastname": "yassine",
        "facebook": "facebook",
        "twitter": "twitter",
        "linkedin": "linkdin",
        "membership":"Laureat"

    },
    {
        "id": "",
        "title": "Fleuriste",
        "firstname": "ali",
        "lastname": "yassine",
        "facebook": "facebook",
        "twitter": "twitter",
        "linkedin": "linkdin",
        "membership":"Laureat"

    }
    ,
    {
        "id": "",
        "title": "Fleuriste",
        "firstname": "ahlam",
        "lastname": "yassine",
        "facebook": "facebook",
        "twitter": "twitter",
        "linkedin": "linkdin",
        "membership":""

    }
    ,
    {
        "id": "",
        "title": "Fleuriste",
        "firstname": "anouar",
        "lastname": "yassine",
        "facebook": "facebook",
        "twitter": "twitter",
        "linkedin": "linkdin",
        "membership":"Laureat"

    }
    ,
    {
        "id": "",
        "title": "Fleuriste",
        "firstname": "nawal",
        "lastname": "yassine",
        "facebook": "facebook",
        "twitter": "twitter",
        "linkedin": "linkdin",
        "membership":"Laureat"

    },
    {
        "id": "",
        "title": "Fleuriste",
        "firstname": "sami",
        "lastname": "yassine",
        "facebook": "facebook",
        "twitter": "twitter",
        "linkedin": "linkdin",
        "membership":"Laureat"

    },
    {
        "id": "",
        "title": "Fleuriste",
        "firstname": "samir",
        "lastname": "yassine",
        "facebook": "facebook",
        "twitter": "twitter",
        "linkedin": "linkdin",
        "membership":"Laureat"

    }
]