[
  {
    "id": "1",
    "title": "smart initiatives",
    "description": "Ceremonie de lancement",
    "date": "28/02/2021",
    "place": "Centre smart ain harrouda",
    "stat_time": "8:00",
    "end_time": "10:30",
    "photo": "photo 1"
  },
  {
    "id": "2",
    "title": "title 2",
    "description": "description 2",
    "date": 1614459804,
    "place": "place 2",
    "stat_time": "stat_time 2",
    "end_time": "end_time 2",
    "photo": "photo 2"
  },
  {
    "id": "3",
    "title": "title 3",
    "description": "description 3",
    "date": 1614459744,
    "place": "place 3",
    "stat_time": "stat_time 3",
    "end_time": "end_time 3",
    "photo": "photo 3"
  },
  {
    "id": "4",
    "title": "title 4",
    "description": "description 4",
    "date": 1614459684,
    "place": "place 4",
    "stat_time": "stat_time 4",
    "end_time": "end_time 4",
    "photo": "photo 4"
  },
  {
    "id": "5",
    "title": "title 5",
    "description": "description 5",
    "date": 1614459624,
    "place": "place 5",
    "stat_time": "stat_time 5",
    "end_time": "end_time 5",
    "photo": "photo 5"
  },
  {
    "id": "6",
    "title": "title 6",
    "description": "description 6",
    "date": 1614459564,
    "place": "place 6",
    "stat_time": "stat_time 6",
    "end_time": "end_time 6",
    "photo": "photo 6"
  },
  {
    "id": "7",
    "title": "title 7",
    "description": "description 7",
    "date": 1614460764,
    "place": "place 7",
    "stat_time": "stat_time 7",
    "end_time": "end_time 7",
    "photo": "photo 7"
  },
  {
    "id": "8",
    "title": "title 8",
    "description": "description 8",
    "date": 1614460704,
    "place": "place 8",
    "stat_time": "stat_time 8",
    "end_time": "end_time 8",
    "photo": "photo 8"
  },
  {
    "id": "9",
    "title": "title 9",
    "description": "description 9",
    "date": 1614460644,
    "place": "place 9",
    "stat_time": "stat_time 9",
    "end_time": "end_time 9",
    "photo": "photo 9"
  },
  {
    "id": "10",
    "title": "title 10",
    "description": "description 10",
    "date": 1614460584,
    "place": "place 10",
    "stat_time": "stat_time 10",
    "end_time": "end_time 10",
    "photo": "photo 10"
  },
  {
    "id": "11",
    "title": "title 11",
    "description": "description 11",
    "date": 1614460524,
    "place": "place 11",
    "stat_time": "stat_time 11",
    "end_time": "end_time 11",
    "photo": "photo 11"
  },
  {
    "id": "12",
    "title": "title 12",
    "description": "description 12",
    "date": 1614460464,
    "place": "place 12",
    "stat_time": "stat_time 12",
    "end_time": "end_time 12",
    "photo": "photo 12"
  },
  {
    "id": "13",
    "title": "title 13",
    "description": "description 13",
    "date": 1614460404,
    "place": "place 13",
    "stat_time": "stat_time 13",
    "end_time": "end_time 13",
    "photo": "photo 13"
  },
  {
    "id": "14",
    "title": "title 14",
    "description": "description 14",
    "date": 1614460344,
    "place": "place 14",
    "stat_time": "stat_time 14",
    "end_time": "end_time 14",
    "photo": "photo 14"
  }
]